fid,Feature
ECG_T_rr_ms_mean,T_rr_ms_mean
ECG_T_rr_ms_median,T_rr_ms_median
ECG_T_rr_ms_std,T_rr_ms_std
ECG_T_rr_ms_mad,T_rr_ms_mad
ECG_T_rr_ms_iqr,T_rr_ms_iqr
ECG_T_rr_ms_min,T_rr_ms_min
ECG_T_rr_ms_max,T_rr_ms_max
ECG_T_rr_ms_p25,T_rr_ms_p25
ECG_T_rr_ms_p75,T_rr_ms_p75
ECG_T_rr_ms_skewness,T_rr_ms_skewness
ECG_T_rr_ms_kurtosis,T_rr_ms_kurtosis
ECG_T_rr_ms_entropy,T_rr_ms_entropy
ECG_T_rr_ms_slope,T_rr_ms_slope
ECG_T_rr_ms_autocorr_lag1,T_rr_ms_autocorr_lag1
ECG_T_rr_ms_gini_index,T_rr_ms_gini_index
ECG_T_rr_ms_valid_n,T_rr_ms_valid_n
ECG_HR_bpm_mean,HR_bpm_mean
ECG_HR_bpm_median,HR_bpm_median
ECG_HR_bpm_std,HR_bpm_std
ECG_HR_bpm_mad,HR_bpm_mad
ECG_HR_bpm_iqr,HR_bpm_iqr
ECG_HR_bpm_min,HR_bpm_min
ECG_HR_bpm_max,HR_bpm_max
ECG_HR_bpm_p25,HR_bpm_p25
ECG_HR_bpm_p75,HR_bpm_p75
ECG_HR_bpm_skewness,HR_bpm_skewness
ECG_HR_bpm_kurtosis,HR_bpm_kurtosis
ECG_HR_bpm_entropy,HR_bpm_entropy
ECG_HR_bpm_slope,HR_bpm_slope
ECG_HR_bpm_autocorr_lag1,HR_bpm_autocorr_lag1
ECG_HR_bpm_gini_index,HR_bpm_gini_index
ECG_HR_bpm_valid_n,HR_bpm_valid_n
ECG_edr_rate_Bpm_mean,edr_rate_Bpm_mean
ECG_edr_rate_Bpm_median,edr_rate_Bpm_median
ECG_edr_rate_Bpm_std,edr_rate_Bpm_std
ECG_edr_rate_Bpm_mad,edr_rate_Bpm_mad
ECG_edr_rate_Bpm_iqr,edr_rate_Bpm_iqr
ECG_edr_rate_Bpm_min,edr_rate_Bpm_min
ECG_edr_rate_Bpm_max,edr_rate_Bpm_max
ECG_edr_rate_Bpm_p25,edr_rate_Bpm_p25
ECG_edr_rate_Bpm_p75,edr_rate_Bpm_p75
ECG_edr_rate_Bpm_skewness,edr_rate_Bpm_skewness
ECG_edr_rate_Bpm_kurtosis,edr_rate_Bpm_kurtosis
ECG_edr_rate_Bpm_entropy,edr_rate_Bpm_entropy
ECG_edr_rate_Bpm_slope,edr_rate_Bpm_slope
ECG_edr_rate_Bpm_autocorr_lag1,edr_rate_Bpm_autocorr_lag1
ECG_edr_rate_Bpm_gini_index,edr_rate_Bpm_gini_index
ECG_edr_rate_Bpm_valid_n,edr_rate_Bpm_valid_n
ECG_atrialSys_phase_mean,atrialSys_phase_mean
ECG_atrialSys_phase_median,atrialSys_phase_median
ECG_atrialSys_phase_std,atrialSys_phase_std
ECG_atrialSys_phase_mad,atrialSys_phase_mad
ECG_atrialSys_phase_iqr,atrialSys_phase_iqr
ECG_atrialSys_phase_min,atrialSys_phase_min
ECG_atrialSys_phase_max,atrialSys_phase_max
ECG_atrialSys_phase_p25,atrialSys_phase_p25
ECG_atrialSys_phase_p75,atrialSys_phase_p75
ECG_atrialSys_phase_skewness,atrialSys_phase_skewness
ECG_atrialSys_phase_kurtosis,atrialSys_phase_kurtosis
ECG_atrialSys_phase_entropy,atrialSys_phase_entropy
ECG_atrialSys_phase_slope,atrialSys_phase_slope
ECG_atrialSys_phase_autocorr_lag1,atrialSys_phase_autocorr_lag1
ECG_atrialSys_phase_gini_index,atrialSys_phase_gini_index
ECG_atrialSys_phase_valid_n,atrialSys_phase_valid_n
ECG_ventSys_phase_mean,ventSys_phase_mean
ECG_ventSys_phase_median,ventSys_phase_median
ECG_ventSys_phase_std,ventSys_phase_std
ECG_ventSys_phase_mad,ventSys_phase_mad
ECG_ventSys_phase_iqr,ventSys_phase_iqr
ECG_ventSys_phase_min,ventSys_phase_min
ECG_ventSys_phase_max,ventSys_phase_max
ECG_ventSys_phase_p25,ventSys_phase_p25
ECG_ventSys_phase_p75,ventSys_phase_p75
ECG_ventSys_phase_skewness,ventSys_phase_skewness
ECG_ventSys_phase_kurtosis,ventSys_phase_kurtosis
ECG_ventSys_phase_entropy,ventSys_phase_entropy
ECG_ventSys_phase_slope,ventSys_phase_slope
ECG_ventSys_phase_autocorr_lag1,ventSys_phase_autocorr_lag1
ECG_ventSys_phase_gini_index,ventSys_phase_gini_index
ECG_ventSys_phase_valid_n,ventSys_phase_valid_n
ECG_P_duration_mean,P_duration_mean
ECG_P_duration_median,P_duration_median
ECG_P_duration_std,P_duration_std
ECG_P_duration_mad,P_duration_mad
ECG_P_duration_iqr,P_duration_iqr
ECG_P_duration_min,P_duration_min
ECG_P_duration_max,P_duration_max
ECG_P_duration_p25,P_duration_p25
ECG_P_duration_p75,P_duration_p75
ECG_P_duration_skewness,P_duration_skewness
ECG_P_duration_kurtosis,P_duration_kurtosis
ECG_P_duration_entropy,P_duration_entropy
ECG_P_duration_slope,P_duration_slope
ECG_P_duration_autocorr_lag1,P_duration_autocorr_lag1
ECG_P_duration_gini_index,P_duration_gini_index
ECG_P_duration_valid_n,P_duration_valid_n
ECG_QRS_duration_mean,QRS_duration_mean
ECG_QRS_duration_median,QRS_duration_median
ECG_QRS_duration_std,QRS_duration_std
ECG_QRS_duration_mad,QRS_duration_mad
ECG_QRS_duration_iqr,QRS_duration_iqr
ECG_QRS_duration_min,QRS_duration_min
ECG_QRS_duration_max,QRS_duration_max
ECG_QRS_duration_p25,QRS_duration_p25
ECG_QRS_duration_p75,QRS_duration_p75
ECG_QRS_duration_skewness,QRS_duration_skewness
ECG_QRS_duration_kurtosis,QRS_duration_kurtosis
ECG_QRS_duration_entropy,QRS_duration_entropy
ECG_QRS_duration_slope,QRS_duration_slope
ECG_QRS_duration_autocorr_lag1,QRS_duration_autocorr_lag1
ECG_QRS_duration_gini_index,QRS_duration_gini_index
ECG_QRS_duration_valid_n,QRS_duration_valid_n
ECG_T_duration_mean,T_duration_mean
ECG_T_duration_median,T_duration_median
ECG_T_duration_std,T_duration_std
ECG_T_duration_mad,T_duration_mad
ECG_T_duration_iqr,T_duration_iqr
ECG_T_duration_min,T_duration_min
ECG_T_duration_max,T_duration_max
ECG_T_duration_p25,T_duration_p25
ECG_T_duration_p75,T_duration_p75
ECG_T_duration_skewness,T_duration_skewness
ECG_T_duration_kurtosis,T_duration_kurtosis
ECG_T_duration_entropy,T_duration_entropy
ECG_T_duration_slope,T_duration_slope
ECG_T_duration_autocorr_lag1,T_duration_autocorr_lag1
ECG_T_duration_gini_index,T_duration_gini_index
ECG_T_duration_valid_n,T_duration_valid_n
ECG_pr_interval_ms_mean,pr_interval_ms_mean
ECG_pr_interval_ms_median,pr_interval_ms_median
ECG_pr_interval_ms_std,pr_interval_ms_std
ECG_pr_interval_ms_mad,pr_interval_ms_mad
ECG_pr_interval_ms_iqr,pr_interval_ms_iqr
ECG_pr_interval_ms_min,pr_interval_ms_min
ECG_pr_interval_ms_max,pr_interval_ms_max
ECG_pr_interval_ms_p25,pr_interval_ms_p25
ECG_pr_interval_ms_p75,pr_interval_ms_p75
ECG_pr_interval_ms_skewness,pr_interval_ms_skewness
ECG_pr_interval_ms_kurtosis,pr_interval_ms_kurtosis
ECG_pr_interval_ms_entropy,pr_interval_ms_entropy
ECG_pr_interval_ms_slope,pr_interval_ms_slope
ECG_pr_interval_ms_autocorr_lag1,pr_interval_ms_autocorr_lag1
ECG_pr_interval_ms_gini_index,pr_interval_ms_gini_index
ECG_pr_interval_ms_valid_n,pr_interval_ms_valid_n
ECG_pr_segment_ms_mean,pr_segment_ms_mean
ECG_pr_segment_ms_median,pr_segment_ms_median
ECG_pr_segment_ms_std,pr_segment_ms_std
ECG_pr_segment_ms_mad,pr_segment_ms_mad
ECG_pr_segment_ms_iqr,pr_segment_ms_iqr
ECG_pr_segment_ms_min,pr_segment_ms_min
ECG_pr_segment_ms_max,pr_segment_ms_max
ECG_pr_segment_ms_p25,pr_segment_ms_p25
ECG_pr_segment_ms_p75,pr_segment_ms_p75
ECG_pr_segment_ms_skewness,pr_segment_ms_skewness
ECG_pr_segment_ms_kurtosis,pr_segment_ms_kurtosis
ECG_pr_segment_ms_entropy,pr_segment_ms_entropy
ECG_pr_segment_ms_slope,pr_segment_ms_slope
ECG_pr_segment_ms_autocorr_lag1,pr_segment_ms_autocorr_lag1
ECG_pr_segment_ms_gini_index,pr_segment_ms_gini_index
ECG_pr_segment_ms_valid_n,pr_segment_ms_valid_n
ECG_st_interval_ms_mean,st_interval_ms_mean
ECG_st_interval_ms_median,st_interval_ms_median
ECG_st_interval_ms_std,st_interval_ms_std
ECG_st_interval_ms_mad,st_interval_ms_mad
ECG_st_interval_ms_iqr,st_interval_ms_iqr
ECG_st_interval_ms_min,st_interval_ms_min
ECG_st_interval_ms_max,st_interval_ms_max
ECG_st_interval_ms_p25,st_interval_ms_p25
ECG_st_interval_ms_p75,st_interval_ms_p75
ECG_st_interval_ms_skewness,st_interval_ms_skewness
ECG_st_interval_ms_kurtosis,st_interval_ms_kurtosis
ECG_st_interval_ms_entropy,st_interval_ms_entropy
ECG_st_interval_ms_slope,st_interval_ms_slope
ECG_st_interval_ms_autocorr_lag1,st_interval_ms_autocorr_lag1
ECG_st_interval_ms_gini_index,st_interval_ms_gini_index
ECG_st_interval_ms_valid_n,st_interval_ms_valid_n
ECG_st_segment_ms_mean,st_segment_ms_mean
ECG_st_segment_ms_median,st_segment_ms_median
ECG_st_segment_ms_std,st_segment_ms_std
ECG_st_segment_ms_mad,st_segment_ms_mad
ECG_st_segment_ms_iqr,st_segment_ms_iqr
ECG_st_segment_ms_min,st_segment_ms_min
ECG_st_segment_ms_max,st_segment_ms_max
ECG_st_segment_ms_p25,st_segment_ms_p25
ECG_st_segment_ms_p75,st_segment_ms_p75
ECG_st_segment_ms_skewness,st_segment_ms_skewness
ECG_st_segment_ms_kurtosis,st_segment_ms_kurtosis
ECG_st_segment_ms_entropy,st_segment_ms_entropy
ECG_st_segment_ms_slope,st_segment_ms_slope
ECG_st_segment_ms_autocorr_lag1,st_segment_ms_autocorr_lag1
ECG_st_segment_ms_gini_index,st_segment_ms_gini_index
ECG_st_segment_ms_valid_n,st_segment_ms_valid_n
ECG_qt_interval_ms_mean,qt_interval_ms_mean
ECG_qt_interval_ms_median,qt_interval_ms_median
ECG_qt_interval_ms_std,qt_interval_ms_std
ECG_qt_interval_ms_mad,qt_interval_ms_mad
ECG_qt_interval_ms_iqr,qt_interval_ms_iqr
ECG_qt_interval_ms_min,qt_interval_ms_min
ECG_qt_interval_ms_max,qt_interval_ms_max
ECG_qt_interval_ms_p25,qt_interval_ms_p25
ECG_qt_interval_ms_p75,qt_interval_ms_p75
ECG_qt_interval_ms_skewness,qt_interval_ms_skewness
ECG_qt_interval_ms_kurtosis,qt_interval_ms_kurtosis
ECG_qt_interval_ms_entropy,qt_interval_ms_entropy
ECG_qt_interval_ms_slope,qt_interval_ms_slope
ECG_qt_interval_ms_autocorr_lag1,qt_interval_ms_autocorr_lag1
ECG_qt_interval_ms_gini_index,qt_interval_ms_gini_index
ECG_qt_interval_ms_valid_n,qt_interval_ms_valid_n
ECG_qtc_interval_ms_mean,qtc_interval_ms_mean
ECG_qtc_interval_ms_median,qtc_interval_ms_median
ECG_qtc_interval_ms_std,qtc_interval_ms_std
ECG_qtc_interval_ms_mad,qtc_interval_ms_mad
ECG_qtc_interval_ms_iqr,qtc_interval_ms_iqr
ECG_qtc_interval_ms_min,qtc_interval_ms_min
ECG_qtc_interval_ms_max,qtc_interval_ms_max
ECG_qtc_interval_ms_p25,qtc_interval_ms_p25
ECG_qtc_interval_ms_p75,qtc_interval_ms_p75
ECG_qtc_interval_ms_skewness,qtc_interval_ms_skewness
ECG_qtc_interval_ms_kurtosis,qtc_interval_ms_kurtosis
ECG_qtc_interval_ms_entropy,qtc_interval_ms_entropy
ECG_qtc_interval_ms_slope,qtc_interval_ms_slope
ECG_qtc_interval_ms_autocorr_lag1,qtc_interval_ms_autocorr_lag1
ECG_qtc_interval_ms_gini_index,qtc_interval_ms_gini_index
ECG_qtc_interval_ms_valid_n,qtc_interval_ms_valid_n
ECG_ecgBeatCenterFreq,ecgBeatCenterFreq
ECG_ecgInterbeat_eigval1,ecgInterbeat_eigval1
ECG_ecgInterbeat_eigval2,ecgInterbeat_eigval2
ECG_ecgInterbeat_eigval3,ecgInterbeat_eigval3
HRV_HRV_rqa_REC,HRV_rqa_REC
HRV_HRV_rqa_DET,HRV_rqa_DET
HRV_HRV_rqa_LAM,HRV_rqa_LAM
HRV_HRV_MeanNN,HRV_MeanNN
HRV_HRV_SDNN,HRV_SDNN
HRV_HRV_SDANN1,HRV_SDANN1
HRV_HRV_SDNNI1,HRV_SDNNI1
HRV_HRV_SDANN2,HRV_SDANN2
HRV_HRV_SDNNI2,HRV_SDNNI2
HRV_HRV_SDANN5,HRV_SDANN5
HRV_HRV_SDNNI5,HRV_SDNNI5
HRV_HRV_RMSSD,HRV_RMSSD
HRV_HRV_SDSD,HRV_SDSD
HRV_HRV_CVNN,HRV_CVNN
HRV_HRV_CVSD,HRV_CVSD
HRV_HRV_MedianNN,HRV_MedianNN
HRV_HRV_MadNN,HRV_MadNN
HRV_HRV_MCVNN,HRV_MCVNN
HRV_HRV_IQRNN,HRV_IQRNN
HRV_HRV_SDRMSSD,HRV_SDRMSSD
HRV_HRV_Prc20NN,HRV_Prc20NN
HRV_HRV_Prc80NN,HRV_Prc80NN
HRV_HRV_pNN50,HRV_pNN50
HRV_HRV_pNN20,HRV_pNN20
HRV_HRV_MinNN,HRV_MinNN
HRV_HRV_MaxNN,HRV_MaxNN
HRV_HRV_HTI,HRV_HTI
HRV_HRV_TINN,HRV_TINN
HRV_HRV_ULF,HRV_ULF
HRV_HRV_VLF,HRV_VLF
HRV_HRV_LF,HRV_LF
HRV_HRV_HF,HRV_HF
HRV_HRV_VHF,HRV_VHF
HRV_HRV_TP,HRV_TP
HRV_HRV_LFHF,HRV_LFHF
HRV_HRV_LFn,HRV_LFn
HRV_HRV_HFn,HRV_HFn
HRV_HRV_LnHF,HRV_LnHF
HRV_HRV_SD1,HRV_SD1
HRV_HRV_SD2,HRV_SD2
HRV_HRV_SD1SD2,HRV_SD1SD2
HRV_HRV_S,HRV_S
HRV_HRV_CSI,HRV_CSI
HRV_HRV_CVI,HRV_CVI
HRV_HRV_CSI_Modified,HRV_CSI_Modified
HRV_HRV_PIP,HRV_PIP
HRV_HRV_IALS,HRV_IALS
HRV_HRV_PSS,HRV_PSS
HRV_HRV_PAS,HRV_PAS
HRV_HRV_GI,HRV_GI
HRV_HRV_SI,HRV_SI
HRV_HRV_AI,HRV_AI
HRV_HRV_PI,HRV_PI
HRV_HRV_C1d,HRV_C1d
HRV_HRV_C1a,HRV_C1a
HRV_HRV_SD1d,HRV_SD1d
HRV_HRV_SD1a,HRV_SD1a
HRV_HRV_C2d,HRV_C2d
HRV_HRV_C2a,HRV_C2a
HRV_HRV_SD2d,HRV_SD2d
HRV_HRV_SD2a,HRV_SD2a
HRV_HRV_Cd,HRV_Cd
HRV_HRV_Ca,HRV_Ca
HRV_HRV_SDNNd,HRV_SDNNd
HRV_HRV_SDNNa,HRV_SDNNa
HRV_HRV_DFA_alpha1,HRV_DFA_alpha1
HRV_HRV_MFDFA_alpha1_Width,HRV_MFDFA_alpha1_Width
HRV_HRV_MFDFA_alpha1_Peak,HRV_MFDFA_alpha1_Peak
HRV_HRV_MFDFA_alpha1_Mean,HRV_MFDFA_alpha1_Mean
HRV_HRV_MFDFA_alpha1_Max,HRV_MFDFA_alpha1_Max
HRV_HRV_MFDFA_alpha1_Delta,HRV_MFDFA_alpha1_Delta
HRV_HRV_MFDFA_alpha1_Asymmetry,HRV_MFDFA_alpha1_Asymmetry
HRV_HRV_MFDFA_alpha1_Fluctuation,HRV_MFDFA_alpha1_Fluctuation
HRV_HRV_MFDFA_alpha1_Increment,HRV_MFDFA_alpha1_Increment
HRV_HRV_DFA_alpha2,HRV_DFA_alpha2
HRV_HRV_MFDFA_alpha2_Width,HRV_MFDFA_alpha2_Width
HRV_HRV_MFDFA_alpha2_Peak,HRV_MFDFA_alpha2_Peak
HRV_HRV_MFDFA_alpha2_Mean,HRV_MFDFA_alpha2_Mean
HRV_HRV_MFDFA_alpha2_Max,HRV_MFDFA_alpha2_Max
HRV_HRV_MFDFA_alpha2_Delta,HRV_MFDFA_alpha2_Delta
HRV_HRV_MFDFA_alpha2_Asymmetry,HRV_MFDFA_alpha2_Asymmetry
HRV_HRV_MFDFA_alpha2_Fluctuation,HRV_MFDFA_alpha2_Fluctuation
HRV_HRV_MFDFA_alpha2_Increment,HRV_MFDFA_alpha2_Increment
HRV_HRV_ApEn,HRV_ApEn
HRV_HRV_SampEn,HRV_SampEn
HRV_HRV_ShanEn,HRV_ShanEn
HRV_HRV_FuzzyEn,HRV_FuzzyEn
HRV_HRV_MSEn,HRV_MSEn
HRV_HRV_CMSEn,HRV_CMSEn
HRV_HRV_RCMSEn,HRV_RCMSEn
HRV_HRV_CD,HRV_CD
HRV_HRV_HFD,HRV_HFD
HRV_HRV_KFD,HRV_KFD
HRV_HRV_LZC,HRV_LZC
HRV_MSE_0,MSE_0
HRV_MSE_1,MSE_1
HRV_MSE_2,MSE_2
HRV_MSE_3,MSE_3
HRV_MSE_4,MSE_4
HRV_MSE_5,MSE_5
HRV_MSE_6,MSE_6
HRV_MSE_7,MSE_7
HRV_MSE_8,MSE_8
HRV_MSE_9,MSE_9
HRV_MSE_10,MSE_10
HRV_MSE_11,MSE_11
HRV_MSE_12,MSE_12
HRV_MSE_13,MSE_13
HRV_MSE_14,MSE_14
HRV_MSE_15,MSE_15
HRV_MSE_16,MSE_16
HRV_MSE_17,MSE_17
HRV_MSE_18,MSE_18
HRV_MSE_19,MSE_19
PPG_AUC_pulse_nu_mean,AUC_pulse_nu_mean
PPG_AUC_pulse_nu_median,AUC_pulse_nu_median
PPG_AUC_pulse_nu_std,AUC_pulse_nu_std
PPG_AUC_pulse_nu_mad,AUC_pulse_nu_mad
PPG_AUC_pulse_nu_iqr,AUC_pulse_nu_iqr
PPG_AUC_pulse_nu_min,AUC_pulse_nu_min
PPG_AUC_pulse_nu_max,AUC_pulse_nu_max
PPG_AUC_pulse_nu_p25,AUC_pulse_nu_p25
PPG_AUC_pulse_nu_p75,AUC_pulse_nu_p75
PPG_AUC_pulse_nu_skewness,AUC_pulse_nu_skewness
PPG_AUC_pulse_nu_kurtosis,AUC_pulse_nu_kurtosis
PPG_AUC_pulse_nu_entropy,AUC_pulse_nu_entropy
PPG_AUC_pulse_nu_slope,AUC_pulse_nu_slope
PPG_AUC_pulse_nu_autocorr_lag1,AUC_pulse_nu_autocorr_lag1
PPG_AUC_pulse_nu_gini_index,AUC_pulse_nu_gini_index
PPG_AUC_pulse_nu_valid_n,AUC_pulse_nu_valid_n
PPG_AUC_sys_nu_mean,AUC_sys_nu_mean
PPG_AUC_sys_nu_median,AUC_sys_nu_median
PPG_AUC_sys_nu_std,AUC_sys_nu_std
PPG_AUC_sys_nu_mad,AUC_sys_nu_mad
PPG_AUC_sys_nu_iqr,AUC_sys_nu_iqr
PPG_AUC_sys_nu_min,AUC_sys_nu_min
PPG_AUC_sys_nu_max,AUC_sys_nu_max
PPG_AUC_sys_nu_p25,AUC_sys_nu_p25
PPG_AUC_sys_nu_p75,AUC_sys_nu_p75
PPG_AUC_sys_nu_skewness,AUC_sys_nu_skewness
PPG_AUC_sys_nu_kurtosis,AUC_sys_nu_kurtosis
PPG_AUC_sys_nu_entropy,AUC_sys_nu_entropy
PPG_AUC_sys_nu_slope,AUC_sys_nu_slope
PPG_AUC_sys_nu_autocorr_lag1,AUC_sys_nu_autocorr_lag1
PPG_AUC_sys_nu_gini_index,AUC_sys_nu_gini_index
PPG_AUC_sys_nu_valid_n,AUC_sys_nu_valid_n
PPG_AUC_dias_nu_mean,AUC_dias_nu_mean
PPG_AUC_dias_nu_median,AUC_dias_nu_median
PPG_AUC_dias_nu_std,AUC_dias_nu_std
PPG_AUC_dias_nu_mad,AUC_dias_nu_mad
PPG_AUC_dias_nu_iqr,AUC_dias_nu_iqr
PPG_AUC_dias_nu_min,AUC_dias_nu_min
PPG_AUC_dias_nu_max,AUC_dias_nu_max
PPG_AUC_dias_nu_p25,AUC_dias_nu_p25
PPG_AUC_dias_nu_p75,AUC_dias_nu_p75
PPG_AUC_dias_nu_skewness,AUC_dias_nu_skewness
PPG_AUC_dias_nu_kurtosis,AUC_dias_nu_kurtosis
PPG_AUC_dias_nu_entropy,AUC_dias_nu_entropy
PPG_AUC_dias_nu_slope,AUC_dias_nu_slope
PPG_AUC_dias_nu_autocorr_lag1,AUC_dias_nu_autocorr_lag1
PPG_AUC_dias_nu_gini_index,AUC_dias_nu_gini_index
PPG_AUC_dias_nu_valid_n,AUC_dias_nu_valid_n
PPG_IPA_mean,IPA_mean
PPG_IPA_median,IPA_median
PPG_IPA_std,IPA_std
PPG_IPA_mad,IPA_mad
PPG_IPA_iqr,IPA_iqr
PPG_IPA_min,IPA_min
PPG_IPA_max,IPA_max
PPG_IPA_p25,IPA_p25
PPG_IPA_p75,IPA_p75
PPG_IPA_skewness,IPA_skewness
PPG_IPA_kurtosis,IPA_kurtosis
PPG_IPA_entropy,IPA_entropy
PPG_IPA_slope,IPA_slope
PPG_IPA_autocorr_lag1,IPA_autocorr_lag1
PPG_IPA_gini_index,IPA_gini_index
PPG_IPA_valid_n,IPA_valid_n
PPG_AUCow_nu_mean,AUCow_nu_mean
PPG_AUCow_nu_median,AUCow_nu_median
PPG_AUCow_nu_std,AUCow_nu_std
PPG_AUCow_nu_mad,AUCow_nu_mad
PPG_AUCow_nu_iqr,AUCow_nu_iqr
PPG_AUCow_nu_min,AUCow_nu_min
PPG_AUCow_nu_max,AUCow_nu_max
PPG_AUCow_nu_p25,AUCow_nu_p25
PPG_AUCow_nu_p75,AUCow_nu_p75
PPG_AUCow_nu_skewness,AUCow_nu_skewness
PPG_AUCow_nu_kurtosis,AUCow_nu_kurtosis
PPG_AUCow_nu_entropy,AUCow_nu_entropy
PPG_AUCow_nu_slope,AUCow_nu_slope
PPG_AUCow_nu_autocorr_lag1,AUCow_nu_autocorr_lag1
PPG_AUCow_nu_gini_index,AUCow_nu_gini_index
PPG_AUCow_nu_valid_n,AUCow_nu_valid_n
PPG_AUCwo_nu_mean,AUCwo_nu_mean
PPG_AUCwo_nu_median,AUCwo_nu_median
PPG_AUCwo_nu_std,AUCwo_nu_std
PPG_AUCwo_nu_mad,AUCwo_nu_mad
PPG_AUCwo_nu_iqr,AUCwo_nu_iqr
PPG_AUCwo_nu_min,AUCwo_nu_min
PPG_AUCwo_nu_max,AUCwo_nu_max
PPG_AUCwo_nu_p25,AUCwo_nu_p25
PPG_AUCwo_nu_p75,AUCwo_nu_p75
PPG_AUCwo_nu_skewness,AUCwo_nu_skewness
PPG_AUCwo_nu_kurtosis,AUCwo_nu_kurtosis
PPG_AUCwo_nu_entropy,AUCwo_nu_entropy
PPG_AUCwo_nu_slope,AUCwo_nu_slope
PPG_AUCwo_nu_autocorr_lag1,AUCwo_nu_autocorr_lag1
PPG_AUCwo_nu_gini_index,AUCwo_nu_gini_index
PPG_AUCwo_nu_valid_n,AUCwo_nu_valid_n
PPG_AUCos_nu_mean,AUCos_nu_mean
PPG_AUCos_nu_median,AUCos_nu_median
PPG_AUCos_nu_std,AUCos_nu_std
PPG_AUCos_nu_mad,AUCos_nu_mad
PPG_AUCos_nu_iqr,AUCos_nu_iqr
PPG_AUCos_nu_min,AUCos_nu_min
PPG_AUCos_nu_max,AUCos_nu_max
PPG_AUCos_nu_p25,AUCos_nu_p25
PPG_AUCos_nu_p75,AUCos_nu_p75
PPG_AUCos_nu_skewness,AUCos_nu_skewness
PPG_AUCos_nu_kurtosis,AUCos_nu_kurtosis
PPG_AUCos_nu_entropy,AUCos_nu_entropy
PPG_AUCos_nu_slope,AUCos_nu_slope
PPG_AUCos_nu_autocorr_lag1,AUCos_nu_autocorr_lag1
PPG_AUCos_nu_gini_index,AUCos_nu_gini_index
PPG_AUCos_nu_valid_n,AUCos_nu_valid_n
PPG_AUCso_nu_mean,AUCso_nu_mean
PPG_AUCso_nu_median,AUCso_nu_median
PPG_AUCso_nu_std,AUCso_nu_std
PPG_AUCso_nu_mad,AUCso_nu_mad
PPG_AUCso_nu_iqr,AUCso_nu_iqr
PPG_AUCso_nu_min,AUCso_nu_min
PPG_AUCso_nu_max,AUCso_nu_max
PPG_AUCso_nu_p25,AUCso_nu_p25
PPG_AUCso_nu_p75,AUCso_nu_p75
PPG_AUCso_nu_skewness,AUCso_nu_skewness
PPG_AUCso_nu_kurtosis,AUCso_nu_kurtosis
PPG_AUCso_nu_entropy,AUCso_nu_entropy
PPG_AUCso_nu_slope,AUCso_nu_slope
PPG_AUCso_nu_autocorr_lag1,AUCso_nu_autocorr_lag1
PPG_AUCso_nu_gini_index,AUCso_nu_gini_index
PPG_AUCso_nu_valid_n,AUCso_nu_valid_n
PPG_Tsys_ms_mean,Tsys_ms_mean
PPG_Tsys_ms_median,Tsys_ms_median
PPG_Tsys_ms_std,Tsys_ms_std
PPG_Tsys_ms_mad,Tsys_ms_mad
PPG_Tsys_ms_iqr,Tsys_ms_iqr
PPG_Tsys_ms_min,Tsys_ms_min
PPG_Tsys_ms_max,Tsys_ms_max
PPG_Tsys_ms_p25,Tsys_ms_p25
PPG_Tsys_ms_p75,Tsys_ms_p75
PPG_Tsys_ms_skewness,Tsys_ms_skewness
PPG_Tsys_ms_kurtosis,Tsys_ms_kurtosis
PPG_Tsys_ms_entropy,Tsys_ms_entropy
PPG_Tsys_ms_slope,Tsys_ms_slope
PPG_Tsys_ms_autocorr_lag1,Tsys_ms_autocorr_lag1
PPG_Tsys_ms_gini_index,Tsys_ms_gini_index
PPG_Tsys_ms_valid_n,Tsys_ms_valid_n
PPG_Tdias_ms_mean,Tdias_ms_mean
PPG_Tdias_ms_median,Tdias_ms_median
PPG_Tdias_ms_std,Tdias_ms_std
PPG_Tdias_ms_mad,Tdias_ms_mad
PPG_Tdias_ms_iqr,Tdias_ms_iqr
PPG_Tdias_ms_min,Tdias_ms_min
PPG_Tdias_ms_max,Tdias_ms_max
PPG_Tdias_ms_p25,Tdias_ms_p25
PPG_Tdias_ms_p75,Tdias_ms_p75
PPG_Tdias_ms_skewness,Tdias_ms_skewness
PPG_Tdias_ms_kurtosis,Tdias_ms_kurtosis
PPG_Tdias_ms_entropy,Tdias_ms_entropy
PPG_Tdias_ms_slope,Tdias_ms_slope
PPG_Tdias_ms_autocorr_lag1,Tdias_ms_autocorr_lag1
PPG_Tdias_ms_gini_index,Tdias_ms_gini_index
PPG_Tdias_ms_valid_n,Tdias_ms_valid_n
PPG_T_ow_ms_mean,T_ow_ms_mean
PPG_T_ow_ms_median,T_ow_ms_median
PPG_T_ow_ms_std,T_ow_ms_std
PPG_T_ow_ms_mad,T_ow_ms_mad
PPG_T_ow_ms_iqr,T_ow_ms_iqr
PPG_T_ow_ms_min,T_ow_ms_min
PPG_T_ow_ms_max,T_ow_ms_max
PPG_T_ow_ms_p25,T_ow_ms_p25
PPG_T_ow_ms_p75,T_ow_ms_p75
PPG_T_ow_ms_skewness,T_ow_ms_skewness
PPG_T_ow_ms_kurtosis,T_ow_ms_kurtosis
PPG_T_ow_ms_entropy,T_ow_ms_entropy
PPG_T_ow_ms_slope,T_ow_ms_slope
PPG_T_ow_ms_autocorr_lag1,T_ow_ms_autocorr_lag1
PPG_T_ow_ms_gini_index,T_ow_ms_gini_index
PPG_T_ow_ms_valid_n,T_ow_ms_valid_n
PPG_T_wo_ms_mean,T_wo_ms_mean
PPG_T_wo_ms_median,T_wo_ms_median
PPG_T_wo_ms_std,T_wo_ms_std
PPG_T_wo_ms_mad,T_wo_ms_mad
PPG_T_wo_ms_iqr,T_wo_ms_iqr
PPG_T_wo_ms_min,T_wo_ms_min
PPG_T_wo_ms_max,T_wo_ms_max
PPG_T_wo_ms_p25,T_wo_ms_p25
PPG_T_wo_ms_p75,T_wo_ms_p75
PPG_T_wo_ms_skewness,T_wo_ms_skewness
PPG_T_wo_ms_kurtosis,T_wo_ms_kurtosis
PPG_T_wo_ms_entropy,T_wo_ms_entropy
PPG_T_wo_ms_slope,T_wo_ms_slope
PPG_T_wo_ms_autocorr_lag1,T_wo_ms_autocorr_lag1
PPG_T_wo_ms_gini_index,T_wo_ms_gini_index
PPG_T_wo_ms_valid_n,T_wo_ms_valid_n
PPG_T_os_ms_mean,T_os_ms_mean
PPG_T_os_ms_median,T_os_ms_median
PPG_T_os_ms_std,T_os_ms_std
PPG_T_os_ms_mad,T_os_ms_mad
PPG_T_os_ms_iqr,T_os_ms_iqr
PPG_T_os_ms_min,T_os_ms_min
PPG_T_os_ms_max,T_os_ms_max
PPG_T_os_ms_p25,T_os_ms_p25
PPG_T_os_ms_p75,T_os_ms_p75
PPG_T_os_ms_skewness,T_os_ms_skewness
PPG_T_os_ms_kurtosis,T_os_ms_kurtosis
PPG_T_os_ms_entropy,T_os_ms_entropy
PPG_T_os_ms_slope,T_os_ms_slope
PPG_T_os_ms_autocorr_lag1,T_os_ms_autocorr_lag1
PPG_T_os_ms_gini_index,T_os_ms_gini_index
PPG_T_os_ms_valid_n,T_os_ms_valid_n
PPG_T_so_ms_mean,T_so_ms_mean
PPG_T_so_ms_median,T_so_ms_median
PPG_T_so_ms_std,T_so_ms_std
PPG_T_so_ms_mad,T_so_ms_mad
PPG_T_so_ms_iqr,T_so_ms_iqr
PPG_T_so_ms_min,T_so_ms_min
PPG_T_so_ms_max,T_so_ms_max
PPG_T_so_ms_p25,T_so_ms_p25
PPG_T_so_ms_p75,T_so_ms_p75
PPG_T_so_ms_skewness,T_so_ms_skewness
PPG_T_so_ms_kurtosis,T_so_ms_kurtosis
PPG_T_so_ms_entropy,T_so_ms_entropy
PPG_T_so_ms_slope,T_so_ms_slope
PPG_T_so_ms_autocorr_lag1,T_so_ms_autocorr_lag1
PPG_T_so_ms_gini_index,T_so_ms_gini_index
PPG_T_so_ms_valid_n,T_so_ms_valid_n
PPG_T_so_cd_ms_mean,T_so_cd_ms_mean
PPG_T_so_cd_ms_median,T_so_cd_ms_median
PPG_T_so_cd_ms_std,T_so_cd_ms_std
PPG_T_so_cd_ms_mad,T_so_cd_ms_mad
PPG_T_so_cd_ms_iqr,T_so_cd_ms_iqr
PPG_T_so_cd_ms_min,T_so_cd_ms_min
PPG_T_so_cd_ms_max,T_so_cd_ms_max
PPG_T_so_cd_ms_p25,T_so_cd_ms_p25
PPG_T_so_cd_ms_p75,T_so_cd_ms_p75
PPG_T_so_cd_ms_skewness,T_so_cd_ms_skewness
PPG_T_so_cd_ms_kurtosis,T_so_cd_ms_kurtosis
PPG_T_so_cd_ms_entropy,T_so_cd_ms_entropy
PPG_T_so_cd_ms_slope,T_so_cd_ms_slope
PPG_T_so_cd_ms_autocorr_lag1,T_so_cd_ms_autocorr_lag1
PPG_T_so_cd_ms_gini_index,T_so_cd_ms_gini_index
PPG_T_so_cd_ms_valid_n,T_so_cd_ms_valid_n
PPG_A_AC_mean,A_AC_mean
PPG_A_AC_median,A_AC_median
PPG_A_AC_std,A_AC_std
PPG_A_AC_mad,A_AC_mad
PPG_A_AC_iqr,A_AC_iqr
PPG_A_AC_min,A_AC_min
PPG_A_AC_max,A_AC_max
PPG_A_AC_p25,A_AC_p25
PPG_A_AC_p75,A_AC_p75
PPG_A_AC_skewness,A_AC_skewness
PPG_A_AC_kurtosis,A_AC_kurtosis
PPG_A_AC_entropy,A_AC_entropy
PPG_A_AC_slope,A_AC_slope
PPG_A_AC_autocorr_lag1,A_AC_autocorr_lag1
PPG_A_AC_gini_index,A_AC_gini_index
PPG_A_AC_valid_n,A_AC_valid_n
PPG_A_off_mean,A_off_mean
PPG_A_off_median,A_off_median
PPG_A_off_std,A_off_std
PPG_A_off_mad,A_off_mad
PPG_A_off_iqr,A_off_iqr
PPG_A_off_min,A_off_min
PPG_A_off_max,A_off_max
PPG_A_off_p25,A_off_p25
PPG_A_off_p75,A_off_p75
PPG_A_off_skewness,A_off_skewness
PPG_A_off_kurtosis,A_off_kurtosis
PPG_A_off_entropy,A_off_entropy
PPG_A_off_slope,A_off_slope
PPG_A_off_autocorr_lag1,A_off_autocorr_lag1
PPG_A_off_gini_index,A_off_gini_index
PPG_A_off_valid_n,A_off_valid_n
PPG_A_sp_mean,A_sp_mean
PPG_A_sp_median,A_sp_median
PPG_A_sp_std,A_sp_std
PPG_A_sp_mad,A_sp_mad
PPG_A_sp_iqr,A_sp_iqr
PPG_A_sp_min,A_sp_min
PPG_A_sp_max,A_sp_max
PPG_A_sp_p25,A_sp_p25
PPG_A_sp_p75,A_sp_p75
PPG_A_sp_skewness,A_sp_skewness
PPG_A_sp_kurtosis,A_sp_kurtosis
PPG_A_sp_entropy,A_sp_entropy
PPG_A_sp_slope,A_sp_slope
PPG_A_sp_autocorr_lag1,A_sp_autocorr_lag1
PPG_A_sp_gini_index,A_sp_gini_index
PPG_A_sp_valid_n,A_sp_valid_n
PPG_DN_exists,DN_exists
PPG_A_dn_mean,A_dn_mean
PPG_A_dn_median,A_dn_median
PPG_A_dn_std,A_dn_std
PPG_A_dn_mad,A_dn_mad
PPG_A_dn_iqr,A_dn_iqr
PPG_A_dn_min,A_dn_min
PPG_A_dn_max,A_dn_max
PPG_A_dn_p25,A_dn_p25
PPG_A_dn_p75,A_dn_p75
PPG_A_dn_skewness,A_dn_skewness
PPG_A_dn_kurtosis,A_dn_kurtosis
PPG_A_dn_entropy,A_dn_entropy
PPG_A_dn_slope,A_dn_slope
PPG_A_dn_autocorr_lag1,A_dn_autocorr_lag1
PPG_A_dn_gini_index,A_dn_gini_index
PPG_A_dn_valid_n,A_dn_valid_n
PPG_Ton_off_ms_mean,Ton_off_ms_mean
PPG_Ton_off_ms_median,Ton_off_ms_median
PPG_Ton_off_ms_std,Ton_off_ms_std
PPG_Ton_off_ms_mad,Ton_off_ms_mad
PPG_Ton_off_ms_iqr,Ton_off_ms_iqr
PPG_Ton_off_ms_min,Ton_off_ms_min
PPG_Ton_off_ms_max,Ton_off_ms_max
PPG_Ton_off_ms_p25,Ton_off_ms_p25
PPG_Ton_off_ms_p75,Ton_off_ms_p75
PPG_Ton_off_ms_skewness,Ton_off_ms_skewness
PPG_Ton_off_ms_kurtosis,Ton_off_ms_kurtosis
PPG_Ton_off_ms_entropy,Ton_off_ms_entropy
PPG_Ton_off_ms_slope,Ton_off_ms_slope
PPG_Ton_off_ms_autocorr_lag1,Ton_off_ms_autocorr_lag1
PPG_Ton_off_ms_gini_index,Ton_off_ms_gini_index
PPG_Ton_off_ms_valid_n,Ton_off_ms_valid_n
PPG_Tsp_sp_ms_mean,Tsp_sp_ms_mean
PPG_Tsp_sp_ms_median,Tsp_sp_ms_median
PPG_Tsp_sp_ms_std,Tsp_sp_ms_std
PPG_Tsp_sp_ms_mad,Tsp_sp_ms_mad
PPG_Tsp_sp_ms_iqr,Tsp_sp_ms_iqr
PPG_Tsp_sp_ms_min,Tsp_sp_ms_min
PPG_Tsp_sp_ms_max,Tsp_sp_ms_max
PPG_Tsp_sp_ms_p25,Tsp_sp_ms_p25
PPG_Tsp_sp_ms_p75,Tsp_sp_ms_p75
PPG_Tsp_sp_ms_skewness,Tsp_sp_ms_skewness
PPG_Tsp_sp_ms_kurtosis,Tsp_sp_ms_kurtosis
PPG_Tsp_sp_ms_entropy,Tsp_sp_ms_entropy
PPG_Tsp_sp_ms_slope,Tsp_sp_ms_slope
PPG_Tsp_sp_ms_autocorr_lag1,Tsp_sp_ms_autocorr_lag1
PPG_Tsp_sp_ms_gini_index,Tsp_sp_ms_gini_index
PPG_Tsp_sp_ms_valid_n,Tsp_sp_ms_valid_n
PPG_PR_mean,PR_mean
PPG_PR_median,PR_median
PPG_PR_std,PR_std
PPG_PR_mad,PR_mad
PPG_PR_iqr,PR_iqr
PPG_PR_min,PR_min
PPG_PR_max,PR_max
PPG_PR_p25,PR_p25
PPG_PR_p75,PR_p75
PPG_PR_skewness,PR_skewness
PPG_PR_kurtosis,PR_kurtosis
PPG_PR_entropy,PR_entropy
PPG_PR_slope,PR_slope
PPG_PR_autocorr_lag1,PR_autocorr_lag1
PPG_PR_gini_index,PR_gini_index
PPG_PR_valid_n,PR_valid_n
PPG_mean_slope_os_mean,mean_slope_os_mean
PPG_mean_slope_os_median,mean_slope_os_median
PPG_mean_slope_os_std,mean_slope_os_std
PPG_mean_slope_os_mad,mean_slope_os_mad
PPG_mean_slope_os_iqr,mean_slope_os_iqr
PPG_mean_slope_os_min,mean_slope_os_min
PPG_mean_slope_os_max,mean_slope_os_max
PPG_mean_slope_os_p25,mean_slope_os_p25
PPG_mean_slope_os_p75,mean_slope_os_p75
PPG_mean_slope_os_skewness,mean_slope_os_skewness
PPG_mean_slope_os_kurtosis,mean_slope_os_kurtosis
PPG_mean_slope_os_entropy,mean_slope_os_entropy
PPG_mean_slope_os_slope,mean_slope_os_slope
PPG_mean_slope_os_autocorr_lag1,mean_slope_os_autocorr_lag1
PPG_mean_slope_os_gini_index,mean_slope_os_gini_index
PPG_mean_slope_os_valid_n,mean_slope_os_valid_n
PPG_mean_slope_so_mean,mean_slope_so_mean
PPG_mean_slope_so_median,mean_slope_so_median
PPG_mean_slope_so_std,mean_slope_so_std
PPG_mean_slope_so_mad,mean_slope_so_mad
PPG_mean_slope_so_iqr,mean_slope_so_iqr
PPG_mean_slope_so_min,mean_slope_so_min
PPG_mean_slope_so_max,mean_slope_so_max
PPG_mean_slope_so_p25,mean_slope_so_p25
PPG_mean_slope_so_p75,mean_slope_so_p75
PPG_mean_slope_so_skewness,mean_slope_so_skewness
PPG_mean_slope_so_kurtosis,mean_slope_so_kurtosis
PPG_mean_slope_so_entropy,mean_slope_so_entropy
PPG_mean_slope_so_slope,mean_slope_so_slope
PPG_mean_slope_so_autocorr_lag1,mean_slope_so_autocorr_lag1
PPG_mean_slope_so_gini_index,mean_slope_so_gini_index
PPG_mean_slope_so_valid_n,mean_slope_so_valid_n
PPG_Delta_T_sd_mean,Delta_T_sd_mean
PPG_Delta_T_sd_median,Delta_T_sd_median
PPG_Delta_T_sd_std,Delta_T_sd_std
PPG_Delta_T_sd_mad,Delta_T_sd_mad
PPG_Delta_T_sd_iqr,Delta_T_sd_iqr
PPG_Delta_T_sd_min,Delta_T_sd_min
PPG_Delta_T_sd_max,Delta_T_sd_max
PPG_Delta_T_sd_p25,Delta_T_sd_p25
PPG_Delta_T_sd_p75,Delta_T_sd_p75
PPG_Delta_T_sd_skewness,Delta_T_sd_skewness
PPG_Delta_T_sd_kurtosis,Delta_T_sd_kurtosis
PPG_Delta_T_sd_entropy,Delta_T_sd_entropy
PPG_Delta_T_sd_slope,Delta_T_sd_slope
PPG_Delta_T_sd_autocorr_lag1,Delta_T_sd_autocorr_lag1
PPG_Delta_T_sd_gini_index,Delta_T_sd_gini_index
PPG_Delta_T_sd_valid_n,Delta_T_sd_valid_n
PPG_RI_mean,RI_mean
PPG_RI_median,RI_median
PPG_RI_std,RI_std
PPG_RI_mad,RI_mad
PPG_RI_iqr,RI_iqr
PPG_RI_min,RI_min
PPG_RI_max,RI_max
PPG_RI_p25,RI_p25
PPG_RI_p75,RI_p75
PPG_RI_skewness,RI_skewness
PPG_RI_kurtosis,RI_kurtosis
PPG_RI_entropy,RI_entropy
PPG_RI_slope,RI_slope
PPG_RI_autocorr_lag1,RI_autocorr_lag1
PPG_RI_gini_index,RI_gini_index
PPG_RI_valid_n,RI_valid_n
PPG_SI_mean,SI_mean
PPG_SI_median,SI_median
PPG_SI_std,SI_std
PPG_SI_mad,SI_mad
PPG_SI_iqr,SI_iqr
PPG_SI_min,SI_min
PPG_SI_max,SI_max
PPG_SI_p25,SI_p25
PPG_SI_p75,SI_p75
PPG_SI_skewness,SI_skewness
PPG_SI_kurtosis,SI_kurtosis
PPG_SI_entropy,SI_entropy
PPG_SI_slope,SI_slope
PPG_SI_autocorr_lag1,SI_autocorr_lag1
PPG_SI_gini_index,SI_gini_index
PPG_SI_valid_n,SI_valid_n
PPG_Delta_A_dn_dp_mean,Delta_A_dn_dp_mean
PPG_Delta_A_dn_dp_median,Delta_A_dn_dp_median
PPG_Delta_A_dn_dp_std,Delta_A_dn_dp_std
PPG_Delta_A_dn_dp_mad,Delta_A_dn_dp_mad
PPG_Delta_A_dn_dp_iqr,Delta_A_dn_dp_iqr
PPG_Delta_A_dn_dp_min,Delta_A_dn_dp_min
PPG_Delta_A_dn_dp_max,Delta_A_dn_dp_max
PPG_Delta_A_dn_dp_p25,Delta_A_dn_dp_p25
PPG_Delta_A_dn_dp_p75,Delta_A_dn_dp_p75
PPG_Delta_A_dn_dp_skewness,Delta_A_dn_dp_skewness
PPG_Delta_A_dn_dp_kurtosis,Delta_A_dn_dp_kurtosis
PPG_Delta_A_dn_dp_entropy,Delta_A_dn_dp_entropy
PPG_Delta_A_dn_dp_slope,Delta_A_dn_dp_slope
PPG_Delta_A_dn_dp_autocorr_lag1,Delta_A_dn_dp_autocorr_lag1
PPG_Delta_A_dn_dp_gini_index,Delta_A_dn_dp_gini_index
PPG_Delta_A_dn_dp_valid_n,Delta_A_dn_dp_valid_n
PPG_T_dn_dp_ms_mean,T_dn_dp_ms_mean
PPG_T_dn_dp_ms_median,T_dn_dp_ms_median
PPG_T_dn_dp_ms_std,T_dn_dp_ms_std
PPG_T_dn_dp_ms_mad,T_dn_dp_ms_mad
PPG_T_dn_dp_ms_iqr,T_dn_dp_ms_iqr
PPG_T_dn_dp_ms_min,T_dn_dp_ms_min
PPG_T_dn_dp_ms_max,T_dn_dp_ms_max
PPG_T_dn_dp_ms_p25,T_dn_dp_ms_p25
PPG_T_dn_dp_ms_p75,T_dn_dp_ms_p75
PPG_T_dn_dp_ms_skewness,T_dn_dp_ms_skewness
PPG_T_dn_dp_ms_kurtosis,T_dn_dp_ms_kurtosis
PPG_T_dn_dp_ms_entropy,T_dn_dp_ms_entropy
PPG_T_dn_dp_ms_slope,T_dn_dp_ms_slope
PPG_T_dn_dp_ms_autocorr_lag1,T_dn_dp_ms_autocorr_lag1
PPG_T_dn_dp_ms_gini_index,T_dn_dp_ms_gini_index
PPG_T_dn_dp_ms_valid_n,T_dn_dp_ms_valid_n
PPG_ppg_class,ppg_class
PPG_max_upslope_mean,max_upslope_mean
PPG_max_upslope_median,max_upslope_median
PPG_max_upslope_std,max_upslope_std
PPG_max_upslope_mad,max_upslope_mad
PPG_max_upslope_iqr,max_upslope_iqr
PPG_max_upslope_min,max_upslope_min
PPG_max_upslope_max,max_upslope_max
PPG_max_upslope_p25,max_upslope_p25
PPG_max_upslope_p75,max_upslope_p75
PPG_max_upslope_skewness,max_upslope_skewness
PPG_max_upslope_kurtosis,max_upslope_kurtosis
PPG_max_upslope_entropy,max_upslope_entropy
PPG_max_upslope_slope,max_upslope_slope
PPG_max_upslope_autocorr_lag1,max_upslope_autocorr_lag1
PPG_max_upslope_gini_index,max_upslope_gini_index
PPG_max_upslope_valid_n,max_upslope_valid_n
PPG_pat_ms_mean,pat_ms_mean
PPG_pat_ms_median,pat_ms_median
PPG_pat_ms_std,pat_ms_std
PPG_pat_ms_mad,pat_ms_mad
PPG_pat_ms_iqr,pat_ms_iqr
PPG_pat_ms_min,pat_ms_min
PPG_pat_ms_max,pat_ms_max
PPG_pat_ms_p25,pat_ms_p25
PPG_pat_ms_p75,pat_ms_p75
PPG_pat_ms_skewness,pat_ms_skewness
PPG_pat_ms_kurtosis,pat_ms_kurtosis
PPG_pat_ms_entropy,pat_ms_entropy
PPG_pat_ms_slope,pat_ms_slope
PPG_pat_ms_autocorr_lag1,pat_ms_autocorr_lag1
PPG_pat_ms_gini_index,pat_ms_gini_index
PPG_pat_ms_valid_n,pat_ms_valid_n
PPG_dpat_ms_mean,dpat_ms_mean
PPG_dpat_ms_median,dpat_ms_median
PPG_dpat_ms_std,dpat_ms_std
PPG_dpat_ms_mad,dpat_ms_mad
PPG_dpat_ms_iqr,dpat_ms_iqr
PPG_dpat_ms_min,dpat_ms_min
PPG_dpat_ms_max,dpat_ms_max
PPG_dpat_ms_p25,dpat_ms_p25
PPG_dpat_ms_p75,dpat_ms_p75
PPG_dpat_ms_skewness,dpat_ms_skewness
PPG_dpat_ms_kurtosis,dpat_ms_kurtosis
PPG_dpat_ms_entropy,dpat_ms_entropy
PPG_dpat_ms_slope,dpat_ms_slope
PPG_dpat_ms_autocorr_lag1,dpat_ms_autocorr_lag1
PPG_dpat_ms_gini_index,dpat_ms_gini_index
PPG_dpat_ms_valid_n,dpat_ms_valid_n
PPG_Delta_A_sp_sp_mean,Delta_A_sp_sp_mean
PPG_Delta_A_sp_sp_median,Delta_A_sp_sp_median
PPG_Delta_A_sp_sp_std,Delta_A_sp_sp_std
PPG_Delta_A_sp_sp_mad,Delta_A_sp_sp_mad
PPG_Delta_A_sp_sp_iqr,Delta_A_sp_sp_iqr
PPG_Delta_A_sp_sp_min,Delta_A_sp_sp_min
PPG_Delta_A_sp_sp_max,Delta_A_sp_sp_max
PPG_Delta_A_sp_sp_p25,Delta_A_sp_sp_p25
PPG_Delta_A_sp_sp_p75,Delta_A_sp_sp_p75
PPG_Delta_A_sp_sp_skewness,Delta_A_sp_sp_skewness
PPG_Delta_A_sp_sp_kurtosis,Delta_A_sp_sp_kurtosis
PPG_Delta_A_sp_sp_entropy,Delta_A_sp_sp_entropy
PPG_Delta_A_sp_sp_slope,Delta_A_sp_sp_slope
PPG_Delta_A_sp_sp_autocorr_lag1,Delta_A_sp_sp_autocorr_lag1
PPG_Delta_A_sp_sp_gini_index,Delta_A_sp_sp_gini_index
PPG_Delta_A_sp_sp_valid_n,Delta_A_sp_sp_valid_n
PPG_Augmentation_index_mean,Augmentation_index_mean
PPG_Augmentation_index_median,Augmentation_index_median
PPG_Augmentation_index_std,Augmentation_index_std
PPG_Augmentation_index_mad,Augmentation_index_mad
PPG_Augmentation_index_iqr,Augmentation_index_iqr
PPG_Augmentation_index_min,Augmentation_index_min
PPG_Augmentation_index_max,Augmentation_index_max
PPG_Augmentation_index_p25,Augmentation_index_p25
PPG_Augmentation_index_p75,Augmentation_index_p75
PPG_Augmentation_index_skewness,Augmentation_index_skewness
PPG_Augmentation_index_kurtosis,Augmentation_index_kurtosis
PPG_Augmentation_index_entropy,Augmentation_index_entropy
PPG_Augmentation_index_slope,Augmentation_index_slope
PPG_Augmentation_index_autocorr_lag1,Augmentation_index_autocorr_lag1
PPG_Augmentation_index_gini_index,Augmentation_index_gini_index
PPG_Augmentation_index_valid_n,Augmentation_index_valid_n
PPG_center_freq_ppg_Hz_mean,center_freq_ppg_Hz_mean
PPG_center_freq_ppg_Hz_median,center_freq_ppg_Hz_median
PPG_center_freq_ppg_Hz_std,center_freq_ppg_Hz_std
PPG_center_freq_ppg_Hz_mad,center_freq_ppg_Hz_mad
PPG_center_freq_ppg_Hz_iqr,center_freq_ppg_Hz_iqr
PPG_center_freq_ppg_Hz_min,center_freq_ppg_Hz_min
PPG_center_freq_ppg_Hz_max,center_freq_ppg_Hz_max
PPG_center_freq_ppg_Hz_p25,center_freq_ppg_Hz_p25
PPG_center_freq_ppg_Hz_p75,center_freq_ppg_Hz_p75
PPG_center_freq_ppg_Hz_skewness,center_freq_ppg_Hz_skewness
PPG_center_freq_ppg_Hz_kurtosis,center_freq_ppg_Hz_kurtosis
PPG_center_freq_ppg_Hz_entropy,center_freq_ppg_Hz_entropy
PPG_center_freq_ppg_Hz_slope,center_freq_ppg_Hz_slope
PPG_center_freq_ppg_Hz_autocorr_lag1,center_freq_ppg_Hz_autocorr_lag1
PPG_center_freq_ppg_Hz_gini_index,center_freq_ppg_Hz_gini_index
PPG_center_freq_ppg_Hz_valid_n,center_freq_ppg_Hz_valid_n
PPG_mean_ppg_mean,mean_ppg_mean
PPG_mean_ppg_median,mean_ppg_median
PPG_mean_ppg_std,mean_ppg_std
PPG_mean_ppg_mad,mean_ppg_mad
PPG_mean_ppg_iqr,mean_ppg_iqr
PPG_mean_ppg_min,mean_ppg_min
PPG_mean_ppg_max,mean_ppg_max
PPG_mean_ppg_p25,mean_ppg_p25
PPG_mean_ppg_p75,mean_ppg_p75
PPG_mean_ppg_skewness,mean_ppg_skewness
PPG_mean_ppg_kurtosis,mean_ppg_kurtosis
PPG_mean_ppg_entropy,mean_ppg_entropy
PPG_mean_ppg_slope,mean_ppg_slope
PPG_mean_ppg_autocorr_lag1,mean_ppg_autocorr_lag1
PPG_mean_ppg_gini_index,mean_ppg_gini_index
PPG_mean_ppg_valid_n,mean_ppg_valid_n
PPG_median_ppg_mean,median_ppg_mean
PPG_median_ppg_median,median_ppg_median
PPG_median_ppg_std,median_ppg_std
PPG_median_ppg_mad,median_ppg_mad
PPG_median_ppg_iqr,median_ppg_iqr
PPG_median_ppg_min,median_ppg_min
PPG_median_ppg_max,median_ppg_max
PPG_median_ppg_p25,median_ppg_p25
PPG_median_ppg_p75,median_ppg_p75
PPG_median_ppg_skewness,median_ppg_skewness
PPG_median_ppg_kurtosis,median_ppg_kurtosis
PPG_median_ppg_entropy,median_ppg_entropy
PPG_median_ppg_slope,median_ppg_slope
PPG_median_ppg_autocorr_lag1,median_ppg_autocorr_lag1
PPG_median_ppg_gini_index,median_ppg_gini_index
PPG_median_ppg_valid_n,median_ppg_valid_n
PPG_variance_ppg_mean,variance_ppg_mean
PPG_variance_ppg_median,variance_ppg_median
PPG_variance_ppg_std,variance_ppg_std
PPG_variance_ppg_mad,variance_ppg_mad
PPG_variance_ppg_iqr,variance_ppg_iqr
PPG_variance_ppg_min,variance_ppg_min
PPG_variance_ppg_max,variance_ppg_max
PPG_variance_ppg_p25,variance_ppg_p25
PPG_variance_ppg_p75,variance_ppg_p75
PPG_variance_ppg_skewness,variance_ppg_skewness
PPG_variance_ppg_kurtosis,variance_ppg_kurtosis
PPG_variance_ppg_entropy,variance_ppg_entropy
PPG_variance_ppg_slope,variance_ppg_slope
PPG_variance_ppg_autocorr_lag1,variance_ppg_autocorr_lag1
PPG_variance_ppg_gini_index,variance_ppg_gini_index
PPG_variance_ppg_valid_n,variance_ppg_valid_n
PPG_skewness_ppg_mean,skewness_ppg_mean
PPG_skewness_ppg_median,skewness_ppg_median
PPG_skewness_ppg_std,skewness_ppg_std
PPG_skewness_ppg_mad,skewness_ppg_mad
PPG_skewness_ppg_iqr,skewness_ppg_iqr
PPG_skewness_ppg_min,skewness_ppg_min
PPG_skewness_ppg_max,skewness_ppg_max
PPG_skewness_ppg_p25,skewness_ppg_p25
PPG_skewness_ppg_p75,skewness_ppg_p75
PPG_skewness_ppg_skewness,skewness_ppg_skewness
PPG_skewness_ppg_kurtosis,skewness_ppg_kurtosis
PPG_skewness_ppg_entropy,skewness_ppg_entropy
PPG_skewness_ppg_slope,skewness_ppg_slope
PPG_skewness_ppg_autocorr_lag1,skewness_ppg_autocorr_lag1
PPG_skewness_ppg_gini_index,skewness_ppg_gini_index
PPG_skewness_ppg_valid_n,skewness_ppg_valid_n
PPG_kurtosis_ppg_mean,kurtosis_ppg_mean
PPG_kurtosis_ppg_median,kurtosis_ppg_median
PPG_kurtosis_ppg_std,kurtosis_ppg_std
PPG_kurtosis_ppg_mad,kurtosis_ppg_mad
PPG_kurtosis_ppg_iqr,kurtosis_ppg_iqr
PPG_kurtosis_ppg_min,kurtosis_ppg_min
PPG_kurtosis_ppg_max,kurtosis_ppg_max
PPG_kurtosis_ppg_p25,kurtosis_ppg_p25
PPG_kurtosis_ppg_p75,kurtosis_ppg_p75
PPG_kurtosis_ppg_skewness,kurtosis_ppg_skewness
PPG_kurtosis_ppg_kurtosis,kurtosis_ppg_kurtosis
PPG_kurtosis_ppg_entropy,kurtosis_ppg_entropy
PPG_kurtosis_ppg_slope,kurtosis_ppg_slope
PPG_kurtosis_ppg_autocorr_lag1,kurtosis_ppg_autocorr_lag1
PPG_kurtosis_ppg_gini_index,kurtosis_ppg_gini_index
PPG_kurtosis_ppg_valid_n,kurtosis_ppg_valid_n
PPG_std_ppg_mean,std_ppg_mean
PPG_std_ppg_median,std_ppg_median
PPG_std_ppg_std,std_ppg_std
PPG_std_ppg_mad,std_ppg_mad
PPG_std_ppg_iqr,std_ppg_iqr
PPG_std_ppg_min,std_ppg_min
PPG_std_ppg_max,std_ppg_max
PPG_std_ppg_p25,std_ppg_p25
PPG_std_ppg_p75,std_ppg_p75
PPG_std_ppg_skewness,std_ppg_skewness
PPG_std_ppg_kurtosis,std_ppg_kurtosis
PPG_std_ppg_entropy,std_ppg_entropy
PPG_std_ppg_slope,std_ppg_slope
PPG_std_ppg_autocorr_lag1,std_ppg_autocorr_lag1
PPG_std_ppg_gini_index,std_ppg_gini_index
PPG_std_ppg_valid_n,std_ppg_valid_n
PPG_entropy_ppg_mean,entropy_ppg_mean
PPG_entropy_ppg_median,entropy_ppg_median
PPG_entropy_ppg_std,entropy_ppg_std
PPG_entropy_ppg_mad,entropy_ppg_mad
PPG_entropy_ppg_iqr,entropy_ppg_iqr
PPG_entropy_ppg_min,entropy_ppg_min
PPG_entropy_ppg_max,entropy_ppg_max
PPG_entropy_ppg_p25,entropy_ppg_p25
PPG_entropy_ppg_p75,entropy_ppg_p75
PPG_entropy_ppg_skewness,entropy_ppg_skewness
PPG_entropy_ppg_kurtosis,entropy_ppg_kurtosis
PPG_entropy_ppg_entropy,entropy_ppg_entropy
PPG_entropy_ppg_slope,entropy_ppg_slope
PPG_entropy_ppg_autocorr_lag1,entropy_ppg_autocorr_lag1
PPG_entropy_ppg_gini_index,entropy_ppg_gini_index
PPG_entropy_ppg_valid_n,entropy_ppg_valid_n
PPG_energy_ppg_mean,energy_ppg_mean
PPG_energy_ppg_median,energy_ppg_median
PPG_energy_ppg_std,energy_ppg_std
PPG_energy_ppg_mad,energy_ppg_mad
PPG_energy_ppg_iqr,energy_ppg_iqr
PPG_energy_ppg_min,energy_ppg_min
PPG_energy_ppg_max,energy_ppg_max
PPG_energy_ppg_p25,energy_ppg_p25
PPG_energy_ppg_p75,energy_ppg_p75
PPG_energy_ppg_skewness,energy_ppg_skewness
PPG_energy_ppg_kurtosis,energy_ppg_kurtosis
PPG_energy_ppg_entropy,energy_ppg_entropy
PPG_energy_ppg_slope,energy_ppg_slope
PPG_energy_ppg_autocorr_lag1,energy_ppg_autocorr_lag1
PPG_energy_ppg_gini_index,energy_ppg_gini_index
PPG_energy_ppg_valid_n,energy_ppg_valid_n
PPG_PW_10_mean,PW_10_mean
PPG_PW_10_median,PW_10_median
PPG_PW_10_std,PW_10_std
PPG_PW_10_mad,PW_10_mad
PPG_PW_10_iqr,PW_10_iqr
PPG_PW_10_min,PW_10_min
PPG_PW_10_max,PW_10_max
PPG_PW_10_p25,PW_10_p25
PPG_PW_10_p75,PW_10_p75
PPG_PW_10_skewness,PW_10_skewness
PPG_PW_10_kurtosis,PW_10_kurtosis
PPG_PW_10_entropy,PW_10_entropy
PPG_PW_10_slope,PW_10_slope
PPG_PW_10_autocorr_lag1,PW_10_autocorr_lag1
PPG_PW_10_gini_index,PW_10_gini_index
PPG_PW_10_valid_n,PW_10_valid_n
PPG_PW_25_mean,PW_25_mean
PPG_PW_25_median,PW_25_median
PPG_PW_25_std,PW_25_std
PPG_PW_25_mad,PW_25_mad
PPG_PW_25_iqr,PW_25_iqr
PPG_PW_25_min,PW_25_min
PPG_PW_25_max,PW_25_max
PPG_PW_25_p25,PW_25_p25
PPG_PW_25_p75,PW_25_p75
PPG_PW_25_skewness,PW_25_skewness
PPG_PW_25_kurtosis,PW_25_kurtosis
PPG_PW_25_entropy,PW_25_entropy
PPG_PW_25_slope,PW_25_slope
PPG_PW_25_autocorr_lag1,PW_25_autocorr_lag1
PPG_PW_25_gini_index,PW_25_gini_index
PPG_PW_25_valid_n,PW_25_valid_n
PPG_PW_33_mean,PW_33_mean
PPG_PW_33_median,PW_33_median
PPG_PW_33_std,PW_33_std
PPG_PW_33_mad,PW_33_mad
PPG_PW_33_iqr,PW_33_iqr
PPG_PW_33_min,PW_33_min
PPG_PW_33_max,PW_33_max
PPG_PW_33_p25,PW_33_p25
PPG_PW_33_p75,PW_33_p75
PPG_PW_33_skewness,PW_33_skewness
PPG_PW_33_kurtosis,PW_33_kurtosis
PPG_PW_33_entropy,PW_33_entropy
PPG_PW_33_slope,PW_33_slope
PPG_PW_33_autocorr_lag1,PW_33_autocorr_lag1
PPG_PW_33_gini_index,PW_33_gini_index
PPG_PW_33_valid_n,PW_33_valid_n
PPG_PW_50_mean,PW_50_mean
PPG_PW_50_median,PW_50_median
PPG_PW_50_std,PW_50_std
PPG_PW_50_mad,PW_50_mad
PPG_PW_50_iqr,PW_50_iqr
PPG_PW_50_min,PW_50_min
PPG_PW_50_max,PW_50_max
PPG_PW_50_p25,PW_50_p25
PPG_PW_50_p75,PW_50_p75
PPG_PW_50_skewness,PW_50_skewness
PPG_PW_50_kurtosis,PW_50_kurtosis
PPG_PW_50_entropy,PW_50_entropy
PPG_PW_50_slope,PW_50_slope
PPG_PW_50_autocorr_lag1,PW_50_autocorr_lag1
PPG_PW_50_gini_index,PW_50_gini_index
PPG_PW_50_valid_n,PW_50_valid_n
PPG_PW_66_mean,PW_66_mean
PPG_PW_66_median,PW_66_median
PPG_PW_66_std,PW_66_std
PPG_PW_66_mad,PW_66_mad
PPG_PW_66_iqr,PW_66_iqr
PPG_PW_66_min,PW_66_min
PPG_PW_66_max,PW_66_max
PPG_PW_66_p25,PW_66_p25
PPG_PW_66_p75,PW_66_p75
PPG_PW_66_skewness,PW_66_skewness
PPG_PW_66_kurtosis,PW_66_kurtosis
PPG_PW_66_entropy,PW_66_entropy
PPG_PW_66_slope,PW_66_slope
PPG_PW_66_autocorr_lag1,PW_66_autocorr_lag1
PPG_PW_66_gini_index,PW_66_gini_index
PPG_PW_66_valid_n,PW_66_valid_n
PPG_PW_75_mean,PW_75_mean
PPG_PW_75_median,PW_75_median
PPG_PW_75_std,PW_75_std
PPG_PW_75_mad,PW_75_mad
PPG_PW_75_iqr,PW_75_iqr
PPG_PW_75_min,PW_75_min
PPG_PW_75_max,PW_75_max
PPG_PW_75_p25,PW_75_p25
PPG_PW_75_p75,PW_75_p75
PPG_PW_75_skewness,PW_75_skewness
PPG_PW_75_kurtosis,PW_75_kurtosis
PPG_PW_75_entropy,PW_75_entropy
PPG_PW_75_slope,PW_75_slope
PPG_PW_75_autocorr_lag1,PW_75_autocorr_lag1
PPG_PW_75_gini_index,PW_75_gini_index
PPG_PW_75_valid_n,PW_75_valid_n
PPG_ppgBeatCenterFreq,ppgBeatCenterFreq
PPG_ppgInterbeat_eigval1,ppgInterbeat_eigval1
PPG_ppgInterbeat_eigval2,ppgInterbeat_eigval2
PPG_ppgInterbeat_eigval3,ppgInterbeat_eigval3
RESP_insp_time_mean,insp_time_mean
RESP_insp_time_median,insp_time_median
RESP_insp_time_std,insp_time_std
RESP_insp_time_mad,insp_time_mad
RESP_insp_time_iqr,insp_time_iqr
RESP_insp_time_min,insp_time_min
RESP_insp_time_max,insp_time_max
RESP_insp_time_p25,insp_time_p25
RESP_insp_time_p75,insp_time_p75
RESP_insp_time_skewness,insp_time_skewness
RESP_insp_time_kurtosis,insp_time_kurtosis
RESP_insp_time_entropy,insp_time_entropy
RESP_insp_time_slope,insp_time_slope
RESP_insp_time_autocorr_lag1,insp_time_autocorr_lag1
RESP_insp_time_gini_index,insp_time_gini_index
RESP_insp_time_valid_n,insp_time_valid_n
RESP_exp_time_mean,exp_time_mean
RESP_exp_time_median,exp_time_median
RESP_exp_time_std,exp_time_std
RESP_exp_time_mad,exp_time_mad
RESP_exp_time_iqr,exp_time_iqr
RESP_exp_time_min,exp_time_min
RESP_exp_time_max,exp_time_max
RESP_exp_time_p25,exp_time_p25
RESP_exp_time_p75,exp_time_p75
RESP_exp_time_skewness,exp_time_skewness
RESP_exp_time_kurtosis,exp_time_kurtosis
RESP_exp_time_entropy,exp_time_entropy
RESP_exp_time_slope,exp_time_slope
RESP_exp_time_autocorr_lag1,exp_time_autocorr_lag1
RESP_exp_time_gini_index,exp_time_gini_index
RESP_exp_time_valid_n,exp_time_valid_n
RESP_insp_exp_ratio_mean,insp_exp_ratio_mean
RESP_insp_exp_ratio_median,insp_exp_ratio_median
RESP_insp_exp_ratio_std,insp_exp_ratio_std
RESP_insp_exp_ratio_mad,insp_exp_ratio_mad
RESP_insp_exp_ratio_iqr,insp_exp_ratio_iqr
RESP_insp_exp_ratio_min,insp_exp_ratio_min
RESP_insp_exp_ratio_max,insp_exp_ratio_max
RESP_insp_exp_ratio_p25,insp_exp_ratio_p25
RESP_insp_exp_ratio_p75,insp_exp_ratio_p75
RESP_insp_exp_ratio_skewness,insp_exp_ratio_skewness
RESP_insp_exp_ratio_kurtosis,insp_exp_ratio_kurtosis
RESP_insp_exp_ratio_entropy,insp_exp_ratio_entropy
RESP_insp_exp_ratio_slope,insp_exp_ratio_slope
RESP_insp_exp_ratio_autocorr_lag1,insp_exp_ratio_autocorr_lag1
RESP_insp_exp_ratio_gini_index,insp_exp_ratio_gini_index
RESP_insp_exp_ratio_valid_n,insp_exp_ratio_valid_n
RESP_resp_width_PPresp_s_mean,resp_width_PPresp_s_mean
RESP_resp_width_PPresp_s_median,resp_width_PPresp_s_median
RESP_resp_width_PPresp_s_std,resp_width_PPresp_s_std
RESP_resp_width_PPresp_s_mad,resp_width_PPresp_s_mad
RESP_resp_width_PPresp_s_iqr,resp_width_PPresp_s_iqr
RESP_resp_width_PPresp_s_min,resp_width_PPresp_s_min
RESP_resp_width_PPresp_s_max,resp_width_PPresp_s_max
RESP_resp_width_PPresp_s_p25,resp_width_PPresp_s_p25
RESP_resp_width_PPresp_s_p75,resp_width_PPresp_s_p75
RESP_resp_width_PPresp_s_skewness,resp_width_PPresp_s_skewness
RESP_resp_width_PPresp_s_kurtosis,resp_width_PPresp_s_kurtosis
RESP_resp_width_PPresp_s_entropy,resp_width_PPresp_s_entropy
RESP_resp_width_PPresp_s_slope,resp_width_PPresp_s_slope
RESP_resp_width_PPresp_s_autocorr_lag1,resp_width_PPresp_s_autocorr_lag1
RESP_resp_width_PPresp_s_gini_index,resp_width_PPresp_s_gini_index
RESP_resp_width_PPresp_s_valid_n,resp_width_PPresp_s_valid_n
RESP_resp_rate_Bpm_mean,resp_rate_Bpm_mean
RESP_resp_rate_Bpm_median,resp_rate_Bpm_median
RESP_resp_rate_Bpm_std,resp_rate_Bpm_std
RESP_resp_rate_Bpm_mad,resp_rate_Bpm_mad
RESP_resp_rate_Bpm_iqr,resp_rate_Bpm_iqr
RESP_resp_rate_Bpm_min,resp_rate_Bpm_min
RESP_resp_rate_Bpm_max,resp_rate_Bpm_max
RESP_resp_rate_Bpm_p25,resp_rate_Bpm_p25
RESP_resp_rate_Bpm_p75,resp_rate_Bpm_p75
RESP_resp_rate_Bpm_skewness,resp_rate_Bpm_skewness
RESP_resp_rate_Bpm_kurtosis,resp_rate_Bpm_kurtosis
RESP_resp_rate_Bpm_entropy,resp_rate_Bpm_entropy
RESP_resp_rate_Bpm_slope,resp_rate_Bpm_slope
RESP_resp_rate_Bpm_autocorr_lag1,resp_rate_Bpm_autocorr_lag1
RESP_resp_rate_Bpm_gini_index,resp_rate_Bpm_gini_index
RESP_resp_rate_Bpm_valid_n,resp_rate_Bpm_valid_n
ABP_SBP_mean,SBP_mean
ABP_SBP_median,SBP_median
ABP_SBP_std,SBP_std
ABP_SBP_mad,SBP_mad
ABP_SBP_iqr,SBP_iqr
ABP_SBP_min,SBP_min
ABP_SBP_max,SBP_max
ABP_SBP_p25,SBP_p25
ABP_SBP_p75,SBP_p75
ABP_SBP_skewness,SBP_skewness
ABP_SBP_kurtosis,SBP_kurtosis
ABP_SBP_entropy,SBP_entropy
ABP_SBP_slope,SBP_slope
ABP_SBP_autocorr_lag1,SBP_autocorr_lag1
ABP_SBP_gini_index,SBP_gini_index
ABP_SBP_valid_n,SBP_valid_n
ABP_DBP_mean,DBP_mean
ABP_DBP_median,DBP_median
ABP_DBP_std,DBP_std
ABP_DBP_mad,DBP_mad
ABP_DBP_iqr,DBP_iqr
ABP_DBP_min,DBP_min
ABP_DBP_max,DBP_max
ABP_DBP_p25,DBP_p25
ABP_DBP_p75,DBP_p75
ABP_DBP_skewness,DBP_skewness
ABP_DBP_kurtosis,DBP_kurtosis
ABP_DBP_entropy,DBP_entropy
ABP_DBP_slope,DBP_slope
ABP_DBP_autocorr_lag1,DBP_autocorr_lag1
ABP_DBP_gini_index,DBP_gini_index
ABP_DBP_valid_n,DBP_valid_n
ABP_HR_ABP_mean,HR_ABP_mean
ABP_HR_ABP_median,HR_ABP_median
ABP_HR_ABP_std,HR_ABP_std
ABP_HR_ABP_mad,HR_ABP_mad
ABP_HR_ABP_iqr,HR_ABP_iqr
ABP_HR_ABP_min,HR_ABP_min
ABP_HR_ABP_max,HR_ABP_max
ABP_HR_ABP_p25,HR_ABP_p25
ABP_HR_ABP_p75,HR_ABP_p75
ABP_HR_ABP_skewness,HR_ABP_skewness
ABP_HR_ABP_kurtosis,HR_ABP_kurtosis
ABP_HR_ABP_entropy,HR_ABP_entropy
ABP_HR_ABP_slope,HR_ABP_slope
ABP_HR_ABP_autocorr_lag1,HR_ABP_autocorr_lag1
ABP_HR_ABP_gini_index,HR_ABP_gini_index
ABP_HR_ABP_valid_n,HR_ABP_valid_n
ABP_MAP_mean,MAP_mean
ABP_MAP_median,MAP_median
ABP_MAP_std,MAP_std
ABP_MAP_mad,MAP_mad
ABP_MAP_iqr,MAP_iqr
ABP_MAP_min,MAP_min
ABP_MAP_max,MAP_max
ABP_MAP_p25,MAP_p25
ABP_MAP_p75,MAP_p75
ABP_MAP_skewness,MAP_skewness
ABP_MAP_kurtosis,MAP_kurtosis
ABP_MAP_entropy,MAP_entropy
ABP_MAP_slope,MAP_slope
ABP_MAP_autocorr_lag1,MAP_autocorr_lag1
ABP_MAP_gini_index,MAP_gini_index
ABP_MAP_valid_n,MAP_valid_n
ABP_PP_ABP_mean,PP_ABP_mean
ABP_PP_ABP_median,PP_ABP_median
ABP_PP_ABP_std,PP_ABP_std
ABP_PP_ABP_mad,PP_ABP_mad
ABP_PP_ABP_iqr,PP_ABP_iqr
ABP_PP_ABP_min,PP_ABP_min
ABP_PP_ABP_max,PP_ABP_max
ABP_PP_ABP_p25,PP_ABP_p25
ABP_PP_ABP_p75,PP_ABP_p75
ABP_PP_ABP_skewness,PP_ABP_skewness
ABP_PP_ABP_kurtosis,PP_ABP_kurtosis
ABP_PP_ABP_entropy,PP_ABP_entropy
ABP_PP_ABP_slope,PP_ABP_slope
ABP_PP_ABP_autocorr_lag1,PP_ABP_autocorr_lag1
ABP_PP_ABP_gini_index,PP_ABP_gini_index
ABP_PP_ABP_valid_n,PP_ABP_valid_n
ABP_CO_mean,CO_mean
ABP_CO_median,CO_median
ABP_CO_std,CO_std
ABP_CO_mad,CO_mad
ABP_CO_iqr,CO_iqr
ABP_CO_min,CO_min
ABP_CO_max,CO_max
ABP_CO_p25,CO_p25
ABP_CO_p75,CO_p75
ABP_CO_skewness,CO_skewness
ABP_CO_kurtosis,CO_kurtosis
ABP_CO_entropy,CO_entropy
ABP_CO_slope,CO_slope
ABP_CO_autocorr_lag1,CO_autocorr_lag1
ABP_CO_gini_index,CO_gini_index
ABP_CO_valid_n,CO_valid_n
ABP_TPR_mean,TPR_mean
ABP_TPR_median,TPR_median
ABP_TPR_std,TPR_std
ABP_TPR_mad,TPR_mad
ABP_TPR_iqr,TPR_iqr
ABP_TPR_min,TPR_min
ABP_TPR_max,TPR_max
ABP_TPR_p25,TPR_p25
ABP_TPR_p75,TPR_p75
ABP_TPR_skewness,TPR_skewness
ABP_TPR_kurtosis,TPR_kurtosis
ABP_TPR_entropy,TPR_entropy
ABP_TPR_slope,TPR_slope
ABP_TPR_autocorr_lag1,TPR_autocorr_lag1
ABP_TPR_gini_index,TPR_gini_index
ABP_TPR_valid_n,TPR_valid_n
ABP_ShockIndex_mean,ShockIndex_mean
ABP_ShockIndex_median,ShockIndex_median
ABP_ShockIndex_std,ShockIndex_std
ABP_ShockIndex_mad,ShockIndex_mad
ABP_ShockIndex_iqr,ShockIndex_iqr
ABP_ShockIndex_min,ShockIndex_min
ABP_ShockIndex_max,ShockIndex_max
ABP_ShockIndex_p25,ShockIndex_p25
ABP_ShockIndex_p75,ShockIndex_p75
ABP_ShockIndex_skewness,ShockIndex_skewness
ABP_ShockIndex_kurtosis,ShockIndex_kurtosis
ABP_ShockIndex_entropy,ShockIndex_entropy
ABP_ShockIndex_slope,ShockIndex_slope
ABP_ShockIndex_autocorr_lag1,ShockIndex_autocorr_lag1
ABP_ShockIndex_gini_index,ShockIndex_gini_index
ABP_ShockIndex_valid_n,ShockIndex_valid_n
